{
  "files": [
    {
      "filename": "Riyadh_historical_report.pdf",
      "timestamp": "2025-07-30 21:27:30",
      "file_type": "pdf",
      "category": "other",
      "explanation": [
        "'MultinomialNB' object has no attribute 'coef_'"
      ]
    },
    {
      "filename": "Riyadh_historical_report.pdf",
      "timestamp": "2025-07-30 21:33:23",
      "file_type": "pdf",
      "category": "other",
      "explanation": [
        "'MultinomialNB' object has no attribute 'coef_'"
      ]
    },
    {
      "filename": "Abha_historical_report.pdf",
      "timestamp": "2025-07-30 21:49:00",
      "file_type": "pdf",
      "category": "other",
      "explanation": [
        "'MultinomialNB' object has no attribute 'coef_'"
      ]
    },
    {
      "filename": "forecast_map_20250730_215049.png",
      "timestamp": "2025-07-30 21:50:49",
      "file_type": "png",
      "category": "other",
      "explanation": [
        "'MultinomialNB' object has no attribute 'coef_'"
      ]
    },
    {
      "filename": "Riyadh_historical_report.pdf",
      "timestamp": "2025-07-30 21:58:57",
      "file_type": "pdf",
      "category": "other",
      "explanation": [
        "'MultinomialNB' object has no attribute 'coef_'"
      ]
    },
    {
      "filename": "Tabuk_historical_report.pdf",
      "timestamp": "2025-07-30 22:02:34",
      "file_type": "pdf",
      "category": "other",
      "explanation": [
        "'MultinomialNB' object has no attribute 'coef_'"
      ]
    },
    {
      "filename": "Tabuk_historical_report.pdf",
      "timestamp": "2025-07-30 22:05:16",
      "file_type": "pdf",
      "category": "other",
      "explanation": [
        "'MultinomialNB' object has no attribute 'coef_'"
      ]
    },
    {
      "filename": "forecast_map_20250730_220644.png",
      "timestamp": "2025-07-30 22:06:44",
      "file_type": "png",
      "category": "other",
      "explanation": [
        "'MultinomialNB' object has no attribute 'coef_'"
      ]
    },
    {
      "filename": "forecast_map_20250731_155041.png",
      "timestamp": "2025-07-31 15:50:42",
      "file_type": "png",
      "category": "other",
      "explanation": [
        "Explanation failed: 'MultinomialNB' object has no attribute 'coef_'"
      ]
    }
  ]
}