{
  "metrics": {
    "cost": 67261.71,
    "emissions": 186838.07,
    "fuel": 18683.81
  },
  "results": [
    {
      "date": "2025-07-31",
      "predicted_consumption": 75121.47
    },
    {
      "date": "2025-08-01",
      "predicted_consumption": 75715.78
    },
    {
      "date": "2025-08-02",
      "predicted_consumption": 76435.28
    },
    {
      "date": "2025-08-03",
      "predicted_consumption": 75797.91
    },
    {
      "date": "2025-08-04",
      "predicted_consumption": 70605.7
    }
  ]
}