{
  "files": [
    {
      "filename": "future_forecast.json",
      "timestamp": "2025-07-31 10:24:34",
      "file_type": "json",
      "category": "other",
      "explanation": [
        "Explanation failed: 'MultinomialNB' object has no attribute 'coef_'"
      ]
    },
    {
      "filename": "forecast_map_20250731_102508.png",
      "timestamp": "2025-07-31 10:25:09",
      "file_type": "png",
      "category": "other",
      "explanation": [
        "Explanation failed: 'MultinomialNB' object has no attribute 'coef_'"
      ]
    },
    {
      "filename": "Madinah_historical_report.pdf",
      "timestamp": "2025-07-31 10:25:32",
      "file_type": "pdf",
      "category": "other",
      "explanation": [
        "Explanation failed: 'MultinomialNB' object has no attribute 'coef_'"
      ]
    }
  ]
}