{
  "Riyadh": [
    24.7136,
    46.6753
  ],
  "Jeddah": [
    21.4858,
    39.1925
  ],
  "Makkah": [
    21.3891,
    39.8579
  ],
  "Madinah": [
    24.5247,
    39.5692
  ],
  "Dammam": [
    26.4207,
    50.0888
  ],
  "Tabuk": [
    28.3838,
    36.5549
  ],
  "Abha": [
    18.2164,
    42.5053
  ],
  "Buraidah": [
    26.3256,
    43.974
  ],
  "Hail": [
    27.5219,
    41.7208
  ],
  "Najran": [
    17.565,
    44.2289
  ],
  "Jazan": [
    16.8892,
    42.5708
  ],
  "Al Khobar": [
    26.2794,
    50.2084
  ],
  "Al Ahsa": [
    25.3833,
    49.5867
  ]
}