{
  "metrics": {
    "cost": 66564.97,
    "emissions": 184902.69,
    "fuel": 18490.27
  },
  "results": [
    {
      "date": "2025-08-01",
      "predicted_consumption": 76154.26
    },
    {
      "date": "2025-08-02",
      "predicted_consumption": 72898.8
    },
    {
      "date": "2025-08-03",
      "predicted_consumption": 74207.36
    },
    {
      "date": "2025-08-04",
      "predicted_consumption": 72562.28
    },
    {
      "date": "2025-08-05",
      "predicted_consumption": 73982.68
    }
  ]
}