{
  "files": [
    {
      "filename": "future_forecast.json",
      "timestamp": "2025-07-31 21:35:43",
      "file_type": "json",
      "category": "other",
      "explanation": [
        "Explanation failed: 'MultinomialNB' object has no attribute 'coef_'"
      ]
    },
    {
      "filename": "forecast_map_20250731_213731.png",
      "timestamp": "2025-07-31 21:37:32",
      "file_type": "png",
      "category": "other",
      "explanation": [
        "Explanation failed: 'MultinomialNB' object has no attribute 'coef_'"
      ]
    }
  ]
}